[
    {
        "name": "Seafood Special",
        "image": "seafoods.jpg",
        "menu-item": "Fried Salmon Special",
        "description": "Seafood I'm a product overview. Here you can write more information about your product. Buyers like to know ..."    
    }, {
        "name": "Sumptuous Desserts",
        "image": "desserts.jpg",
        "menu-item": "Choco Ice Cream Sandwich",
        "description": "Desserts I'm a product overview. Here you can write more information about your product. Buyers like to know ..."
    }, {
        "name": "Buffet",
        "image": "buffet.jpg",
        "menu-item": "Mixed Buffet",
        "description": "Buffet I'm a product overview. Here you can write more information about your product. Buyers like to know ..."
    }
]