[
    {
        "name": "First Class Room",
        "image": "first-class.jpg",
        "description": "<p> First class Cras dui sapien, feugiat vitae tristique ut, lobortis tempor orci. Donec pulvinar sagittis metus ut tristique. Pellentes que habitant morbi tristique senectus et netus et malesuada fames ac turpis egestas idios. </p>",
        "rate": "Rate: 220 / Day"
    }, {
        "name": "Deluxe Room",
        "image": "deluxe.jpg",
        "description": "<p> Deluxe Sed et augue lorem. In sit amet placerat arcu. Mauris volutpat ipsum ac justo mollis vel vestibulum orci gravida. Vestibulum sit amet porttitor odio. Nulla facilisi. Fusce at pretium felis. </p>",
        "rate": "Rate: 150 / Day"
    }, {
        "name": "Suite Room",
        "image": "suite.jpg",
        "description": "<p> Suite Sed et augue lorem. In sit amet placerat arcu. Mauris volutpat ipsum ac justo mollis vel vestibulum orci gravida. Vestibulum sit amet porttitor odio. Nulla facilisi. Fusce at pretium felis. </p>",
        "rate": "Rate: 180 / Day"
    }
]